{
    "accuracy": 0.8990490124359912,
    "precision": 0.7063492063492064,
    "recall": 0.46842105263157896
}
